{"Buffer = 4.0": {"qliq": [22.93605925486475, 20.445030725406937, 20.655354406832974, 21.12359161552754, 20.594532369459067, 21.86195144944153, 20.905010961934924, 21.7100221237273, 21.93665857888554, 22.549401898067988, 21.012738916339824, 20.23194619853278, 19.648584940818843, 19.428677995964723, 20.08954539277665, 19.79670912185784, 20.222977302914874, 19.431270825193288, 20.57295035257251, 22.408763275609083, 21.581331231442487, 21.55839090328517, 21.48576614294127, 22.170553349843974, 21.913038696601205, 22.494556934307948, 22.040161043242794, 22.48733655082188, 21.88886123203585, 23.58337481992901, 22.83758869921638, 21.931806035958807, 22.279317169714844, 21.833469158625757, 22.205858880180106, 22.698676749918473, 22.53820367220463, 23.03002865327811, 22.383582713655716, 24.42875240299441, 22.37265106898134, 21.809242045839508, 22.604955112725847, 21.738444638507495, 23.27242259728223, 22.456884826831768, 23.437738345217266, 21.91731715481906, 21.624886469951914, 21.69381743908203, 22.230642179143214, 22.309448483180194, 21.682308459115767, 23.989623784774604, 22.712820847220485, 21.84652670592499, 22.85620377194141, 22.714258847329504, 23.06049013169826, 22.53764061307815, 22.578963110466386, 24.011520446109234, 22.968737541109313, 21.871460484018076, 21.828280243832765, 21.194326846980367, 21.0100997250121, 21.437339286818705, 21.75676841051938, 21.18737260138563], "time": [60, 61, 62, 63, 64, 65, 66, 67, 68, 69, 70, 71, 72, 73, 74, 75, 76, 77, 78, 79, 80, 81, 82, 83, 84, 85, 86, 87, 88, 89, 90, 91, 92, 93, 94, 95, 96, 97, 98, 99, 100, 101, 102, 103, 104, 105, 106, 107, 108, 109, 110, 111, 112, 113, 114, 115, 116, 117, 118, 119, 120, 121, 122, 123, 124, 125, 126, 127, 128, 129]}}