{"Buffer = 4.0": {"qliq": [4.896720958038579, 5.042292511244679, 3.992807958547135, 3.2579787517425816, 3.6496115972598617, 3.8852764818813865, 3.528747010717852, 2.8183016059555928, 4.814603612688354, 4.372843977535073, 5.304086854007715, 3.8960630600793498, 5.226391166391477, 6.669494427303147, 4.525728059351807, 3.3527828008603198, 4.3414894486016635, 3.6367740596135065, 3.580629731075511, 4.25595513091244, 3.892745397709794, 4.569775312217685, 2.957815394700343, 3.013695813382729, 3.2110281706591555, 2.2105357935274186, 3.884855469746354, 4.1439190789971, 3.7400842936949816, 3.689139192388505, 3.910705666519954, 4.236352634984371, 4.067565720132344, 3.8903618189211815, 4.488542114033426, 5.052227616734151, 4.121989440591688, 3.313482990986526, 3.91825144038486, 4.638927759301423, 4.008733820436663, 4.186177372153037, 3.123330797189435, 4.647998324023752, 5.163619732268096, 4.695655506394486, 4.4230237810482, 4.51954280296506], "time": [60, 61, 62, 63, 64, 65, 66, 67, 68, 69, 70, 71, 72, 73, 74, 75, 76, 77, 78, 79, 80, 81, 82, 83, 84, 85, 86, 87, 88, 89, 90, 91, 92, 93, 94, 95, 96, 97, 98, 99, 100, 101, 102, 103, 104, 105, 106, 107]}}