{"Buffer = 4.0": {"qliq": [7.23735941444051, 8.060214726599638, 7.179397964161271, 7.732773276716707, 6.753935629394951, 4.91278477835393, 5.699737282687686, 4.931323137619208, 5.072536912645031, 6.728238822701462, 5.868514176809994, 5.134538762435358, 4.0303738830140565, 5.355119520618766, 5.174020435588664, 4.834711962774507, 6.527024051129103, 6.129216146588525, 5.9655359206847685, 4.728150364790769, 4.68462860426369, 6.498569127841457, 5.5164332205856095, 6.329432195508235, 4.405112219181809, 4.929739361783428, 4.187395160285815, 3.92720890628118, 3.895289053185848, 6.127850621185052, 4.255258526467793, 3.0878845277868807, 4.668920417544071, 6.075462409169873, 7.153619689688438, 6.705805928764057, 5.661062850788688, 5.687078502957883, 5.416807478560582, 3.534536990144812, 7.1364774333765615, 5.440683575649951, 3.7585372199419003, 3.09726093186128, 5.206471362730419, 3.3072853336448804, 3.5953836753213717, 3.3547038340884643, 4.533407193309895, 3.0889888080412713, 4.348441424447259, 4.418631077837299, 5.87044121084553, 4.4879105677591715, 5.41555325562899, 5.952455938407254, 3.2750149322494866, 3.18585035342322, 3.4303809422766807, 3.4406972757513143, 4.87080360081763, 4.619586286009151, 3.8635078094473188, 4.842216465306908, 4.072865142681284, 4.96502357934362, 4.289604074891745, 2.979331934208051, 3.567010703848237, 2.299903259501077], "time": [60, 61, 62, 63, 64, 65, 66, 67, 68, 69, 70, 71, 72, 73, 74, 75, 76, 77, 78, 79, 80, 81, 82, 83, 84, 85, 86, 87, 88, 89, 90, 91, 92, 93, 94, 95, 96, 97, 98, 99, 100, 101, 102, 103, 104, 105, 106, 107, 108, 109, 110, 111, 112, 113, 114, 115, 116, 117, 118, 119, 120, 121, 122, 123, 124, 125, 126, 127, 128, 129]}}