{"Buffer = 4.0": {"qliq": [4.959792598302131, 5.804830986801801, 4.437996160876538, 6.122078741194418, 4.4801671544944925, 4.335588711402566, 4.533732722881852, 5.156903601629603, 4.316650770046945, 3.9272938753787825, 3.1025299542131237, 3.911551514498807, 2.4925272609128513, 4.33841418001411, 6.280856983911009, 4.904508318998842, 5.280590856735858, 3.3261708400618732, 3.859377252515851, 3.5414196617271254, 5.072703258039462, 3.6849133982902504, 3.8739957575426356, 4.1202670734498055, 3.816445835123508, 4.438092557547776, 3.5121841250560206, 3.499661573755668, 4.250617317167052, 3.9864839823450136, 3.783867358701811, 2.852100247076707, 3.4487279830569206, 1.8188333895718962, 3.370229589745702, 4.298933825360395, 4.497887175100803, 3.846864010102747, 3.6346456656401047, 2.883709019245801, 3.0682654678798658, 3.2379636442502377, 3.4026977059898256, 2.7831698075036138, 3.025399261857781, 3.0163395588341335, 3.672528443482109, 4.176998655010624, 3.1306047613225627, 3.2070614663413326, 3.2694685423420706, 3.4185328415513423, 4.286328769662267, 4.123107199740073, 4.650914494242117, 4.086582503538216, 3.267233243625889, 2.780499457470398, 3.0706235928815713, 3.617251967791247, 3.4378839500627363, 3.113803810095401, 3.0177091572120314, 2.9974197980795068, 2.4477023097382595, 2.3205918629970346, 2.2922658783232164, 2.1442542258758563, 4.15250451202128, 3.639981809363971], "time": [60, 61, 62, 63, 64, 65, 66, 67, 68, 69, 70, 71, 72, 73, 74, 75, 76, 77, 78, 79, 80, 81, 82, 83, 84, 85, 86, 87, 88, 89, 90, 91, 92, 93, 94, 95, 96, 97, 98, 99, 100, 101, 102, 103, 104, 105, 106, 107, 108, 109, 110, 111, 112, 113, 114, 115, 116, 117, 118, 119, 120, 121, 122, 123, 124, 125, 126, 127, 128, 129]}}