{"Buffer = 4.0": {"qliq": [7.23735941444051, 8.060214726599638, 7.179397964161271, 7.732773276716707, 6.753935629394951, 4.91278477835393, 5.699737282687686, 4.931323137619208, 5.072536912645031, 6.728238822701462, 5.868514176809994, 5.134538762435358, 4.0303738830140565, 5.355119520618766, 5.174020435588664, 4.834711962774507, 6.527024051129103, 6.129216146588525, 5.9655359206847685, 4.728150364790769, 4.68462860426369, 6.498569127841457, 5.5164332205856095, 6.329432195508235, 4.405112219181809, 4.929739361783428, 4.187395160285815, 3.92720890628118, 3.895289053185848, 6.127850621185052], "time": [60, 61, 62, 63, 64, 65, 66, 67, 68, 69, 70, 71, 72, 73, 74, 75, 76, 77, 78, 79, 80, 81, 82, 83, 84, 85, 86, 87, 88, 89]}}