{"Buffer = 4.0": {"qliq": [4.339026380187009, 3.70939761972725, 6.905480002666772, 6.589114986074446, 6.600915636022974, 6.886497951987704, 7.46268585478715, 6.6602490493306865, 5.662894810927534, 8.192225199869387, 7.678745604256511, 5.431872910192293, 5.750046526589643, 5.941514523359194, 6.466831713392657, 7.181396813777739, 6.683956194904269, 5.671007902910109, 5.184094840534013, 4.572550509862649, 4.109759079302862, 6.16181549478415, 6.041193392105232, 5.948595788121974, 4.477257808164242, 4.254086848013128, 3.3659193918421484, 2.7417918449832333, 4.709322577834808, 3.9634210230969042, 4.121721890395191, 3.958627779989209, 4.064230112001826, 4.839282876078143, 4.286259310680276, 3.7339230715414193, 3.779730877521523, 3.456061327438158, 3.6770189417133126, 4.932815554258425, 4.692928362267652, 4.148894799944446, 4.474278532939571, 5.648422521058217, 3.7425183709145258, 3.4904255555562353, 3.8026710178211753, 4.419366960046953, 5.03548758737545, 5.69541510022234, 4.8387159943378, 4.814873155125895, 3.98108062869359, 3.383138675510784, 3.91684597497637, 4.193088383898357, 4.456848201109832, 2.8648848681143395, 3.491883285348535, 5.111953693794205, 5.4159290408044845, 5.203247060657538, 3.5479586887968666, 5.735434889792682, 5.104289709485462, 5.1260355754441225, 4.067011647827585, 4.458863099802972, 5.16082091047134, 4.8893911024504835], "time": [60, 61, 62, 63, 64, 65, 66, 67, 68, 69, 70, 71, 72, 73, 74, 75, 76, 77, 78, 79, 80, 81, 82, 83, 84, 85, 86, 87, 88, 89, 90, 91, 92, 93, 94, 95, 96, 97, 98, 99, 100, 101, 102, 103, 104, 105, 106, 107, 108, 109, 110, 111, 112, 113, 114, 115, 116, 117, 118, 119, 120, 121, 122, 123, 124, 125, 126, 127, 128, 129]}}