{"Buffer = 4.0": {"qliq": [4.959792598302131, 5.804830986801801, 4.437996160876538, 6.122078741194418, 4.4801671544944925, 4.335588711402566, 4.533732722881852, 5.156903601629603, 4.316650770046945, 3.9272938753787825, 3.1025299542131237, 3.911551514498807, 2.4925272609128513, 4.33841418001411, 6.280856983911009, 4.904508318998842, 5.280590856735858, 3.3261708400618732, 3.859377252515851, 3.5414196617271254, 5.072703258039462, 3.6849133982902504, 3.8739957575426356, 4.1202670734498055, 3.816445835123508, 4.438092557547776, 3.5121841250560206, 3.499661573755668, 4.250617317167052, 3.9864839823450136, 3.783867358701811, 2.852100247076707, 3.4487279830569206, 1.8188333895718962, 3.370229589745702, 4.298933825360395, 4.497887175100803, 3.846864010102747, 3.6346456656401047, 2.883709019245801, 3.0682654678798658, 3.2379636442502377, 3.4026977059898256, 2.7831698075036138, 3.025399261857781, 3.0163395588341335, 3.672528443482109, 4.176998655010624, 3.1306047613225627, 3.2070614663413326, 3.2694685423420706, 3.4185328415513423, 4.286328769662267, 4.123107199740073, 4.650914494242117, 4.086582503538216, 3.267233243625889, 2.780499457470398, 3.0706235928815713, 3.617251967791247, 3.4378839500627363, 3.113803810095401, 3.0177091572120314, 2.9974197980795068, 2.4477023097382595, 2.3205918629970346, 2.2922658783232164, 2.1442542258758563, 4.15250451202128, 3.639981809363971, 3.5452793609752478, 4.871987950061457, 5.269617855676111, 4.414978654031993, 4.075425458437711, 4.122831975212471, 3.0502006301422826, 3.0641281573064973, 2.0526382740152767, 4.300381708734876, 2.4905039599152414, 3.8780502513686996, 2.7350093323162423, 2.5674290199246994, 1.1273122833456073, 2.628129300099685, 3.74637248644442, 2.4886801787402315, 3.2502301520240424, 4.617534580042681, 3.5473529564348976, 4.230565345119012, 3.845170156683227, 3.6046566491818948, 4.759390998784361, 4.227808070319888, 3.7748884953444715, 2.6686134694965165, 3.3449324737364936, 3.8430640769400823, 2.651698478495272, 4.130975976441901, 2.014745514262516, 2.4824525328220717, 2.573817331059113, 2.861705803152646, 2.719876676156693, 2.8234232125680396, 2.419606553836224, 3.94511569881163, 2.924374047673534, 2.5967530022342133, 3.4486712861011237, 2.725292065129355, 2.0601563436296484], "time": [60, 61, 62, 63, 64, 65, 66, 67, 68, 69, 70, 71, 72, 73, 74, 75, 76, 77, 78, 79, 80, 81, 82, 83, 84, 85, 86, 87, 88, 89, 90, 91, 92, 93, 94, 95, 96, 97, 98, 99, 100, 101, 102, 103, 104, 105, 106, 107, 108, 109, 110, 111, 112, 113, 114, 115, 116, 117, 118, 119, 120, 121, 122, 123, 124, 125, 126, 127, 128, 129, 130, 131, 132, 133, 134, 135, 136, 137, 138, 139, 140, 141, 142, 143, 144, 145, 146, 147, 148, 149, 150, 151, 152, 153, 154, 155, 156, 157, 158, 159, 160, 161, 162, 163, 164, 165, 166, 167, 168, 169, 170, 171, 172, 173, 174]}}