{"Buffer = 4.0": {"qliq": [5.171734401920137, 4.469850614912575, 3.3785289882701606, 3.760845827963001, 2.811806979142926, 2.916408585995173, 4.399972222992446, 4.084207873821868, 4.194494204508237, 3.844249956666161, 4.9215499726807534, 4.418847994081372, 4.248921417100453, 4.0906703608377475, 3.467409575894443, 3.770827517078179, 4.053299190261513, 3.2740801549219003, 2.5409521902112218, 3.031446566285146, 2.9403907971021495, 3.904728339510174, 3.582279894568627, 3.265858079291445, 3.435251037920599, 4.292685004466471, 3.5551946614001726, 3.858489264963127, 3.4983008432783604, 3.3877712181749797, 2.9233861128404786, 2.1695626845617073, 3.6385123962449155, 3.8553333417376, 3.166772765914182, 2.584261537237621, 4.331909328957556, 3.541350038600997, 3.619041136045602, 4.270792687035651, 5.055225746301706, 4.74415009655736, 3.4228184273464137, 3.3479779621735575, 2.9903518853242828, 2.4047630638356354, 2.729141703515202, 1.1604950444356057, 2.394167957810666, 3.795424399433938, 3.2969566822884557, 3.4038284594711103, 2.433395986218969, 2.4327916968352676, 4.197162462077812, 3.3682665765350013, 4.799915748392425, 4.363104733248002, 4.850589925836069, 6.120931568189863, 6.593472623153381, 5.150744490064542, 4.650772336735398, 5.740277959621176, 4.480317963329759, 2.9523164322252553, 1.9453439829744203, 2.9075022301721614, 3.1371275872104594, 3.4769694063577017, 2.5162410214002566, 2.427644163049914, 3.8189741001059074, 3.938520811992784, 4.2878774623562075, 4.814353776124665, 3.1788191168176865, 3.779508628658134, 3.175798507591988, 3.049913623332578, 2.7525871791326693, 1.5362361596499918, 1.5415043479148762, 2.007004447729154, 1.3078110413583017, 1.4103111389071878, 2.3880024963736006, 2.696175584446585, 2.7728349181440115, 1.9682272965778183, 3.4290200267353144, 3.502174441038295, 4.455427883637017, 3.1514999560130534, 3.1116257167258783, 4.661982119515693, 3.7236467261210424, 3.188747524160909, 3.3158842350802145, 3.259591032603454, 2.6922911737728796, 3.120200707121157, 2.7111486409586276, 3.6268587948664925, 3.7507845563820696, 4.01645809006749, 3.9685771915986625, 3.083083763951332, 4.701097365421415, 4.090490299330988, 4.073868735347859, 4.0227812568729835, 4.568971223278872, 4.564960987473414, 4.578343648715746], "time": [60, 61, 62, 63, 64, 65, 66, 67, 68, 69, 70, 71, 72, 73, 74, 75, 76, 77, 78, 79, 80, 81, 82, 83, 84, 85, 86, 87, 88, 89, 90, 91, 92, 93, 94, 95, 96, 97, 98, 99, 100, 101, 102, 103, 104, 105, 106, 107, 108, 109, 110, 111, 112, 113, 114, 115, 116, 117, 118, 119, 120, 121, 122, 123, 124, 125, 126, 127, 128, 129, 130, 131, 132, 133, 134, 135, 136, 137, 138, 139, 140, 141, 142, 143, 144, 145, 146, 147, 148, 149, 150, 151, 152, 153, 154, 155, 156, 157, 158, 159, 160, 161, 162, 163, 164, 165, 166, 167, 168, 169, 170, 171, 172, 173, 174]}}