{"Buffer = 4.0": {"qliq": [4.0670564773998015, 3.9081516598671895, 4.968071231193543, 4.1953645606063565, 4.464215077346144, 4.286281441807997, 3.694938778393407, 4.385255478978822, 4.475146433056117, 5.077484827707551, 4.3951601378414775, 4.753708140533755, 3.236701867587553, 4.758550414654947, 3.422113128651911, 3.906560661235234, 3.16891831344519, 3.814030906564771, 3.456699661405757, 2.8147873647562496, 3.2330603444791133, 2.349607724223183, 1.7472030948029607, 1.9443783526430047, 2.228569676473758, 2.883547630439783, 2.7519292442155776, 3.17428031140054, 2.8928606790149227, 2.999428932580014, 2.3742206813420164, 3.117366329369025, 3.1552436698523723, 3.1361660284262936, 2.2781231737772525, 2.0690625724338134, 2.872958007600891, 2.88475689276618, 2.724723390100039, 3.74876610341163, 3.6713372412236684, 2.656143092183409, 2.918201020680257, 3.8456691452852207, 3.7345309828051882, 3.509943820728404, 3.2933935514247406, 1.8947530865104516, 2.3529560853399833, 3.2717112166605333, 3.5584627406669993, 3.977956365272799, 4.8303660210047115, 4.438455432670927, 4.970917899534009, 4.151256850731458, 4.590692723067675, 3.512502143674148, 4.256623354248175, 3.37947519151107, 2.283388140266649, 3.152272421073741, 2.3106108341336933, 2.9803322308131657, 2.070554905837622, 1.8669213585391944, 2.5219911853039023, 1.4321600320961492, 3.78978480391455, 4.068184670917578, 3.6970127412905, 2.8628578143409253, 3.263754546572656, 3.1386749472579356, 3.872623606104081, 4.271082344986523, 3.8511077140686196, 2.796061857160118, 2.8647106701428746, 2.7628216892821986, 2.449461993985562, 2.543559838471465, 1.6306612001892113, 2.078181537966392, 1.7973159190901788, 2.9464818104882897, 2.4076776316008908, 4.198789984453285, 3.3544854731834195, 3.720362752563389, 3.7226382886850984, 2.9671358972264517, 3.845106469998008, 3.1519169784996706, 3.2991700119947818, 4.168260860976759, 4.513460013262179, 4.589493787645906, 3.7505336570553225, 4.125698388856674, 3.4120546966792697, 4.462928113921655, 4.956818323058152, 3.9766753705748843, 4.839098355142232, 4.636084671869679, 2.9183437327706683, 2.46402602083327, 2.6109688112650673, 2.468614068244229, 2.232776865374827, 2.427299513097901, 2.642173184082306, 3.6912688071422224, 4.502397543892166], "time": [60, 61, 62, 63, 64, 65, 66, 67, 68, 69, 70, 71, 72, 73, 74, 75, 76, 77, 78, 79, 80, 81, 82, 83, 84, 85, 86, 87, 88, 89, 90, 91, 92, 93, 94, 95, 96, 97, 98, 99, 100, 101, 102, 103, 104, 105, 106, 107, 108, 109, 110, 111, 112, 113, 114, 115, 116, 117, 118, 119, 120, 121, 122, 123, 124, 125, 126, 127, 128, 129, 130, 131, 132, 133, 134, 135, 136, 137, 138, 139, 140, 141, 142, 143, 144, 145, 146, 147, 148, 149, 150, 151, 152, 153, 154, 155, 156, 157, 158, 159, 160, 161, 162, 163, 164, 165, 166, 167, 168, 169, 170, 171, 172, 173, 174]}}