{"$l_b = 0.5$": {"diameter": [0.3864694529127794, 0.477460414617434, 0.5444917644120003, 0.6170057353029421, 0.670223031074407, 0.7249570513607007, 0.7751151811016098, 0.8153615080724604, 0.8550270336516415, 0.8923032390536287, 0.9341139573738493, 0.9671901224444927, 0.9991719474383535, 1.0339697331597795, 1.0676339436498166, 1.0936142379998903, 1.1224985284748021, 1.1491931079956679, 1.1776678814053099, 1.200335581518593, 1.2280819781134171, 1.2516314167704072, 1.276946376446056, 1.3026315241646966, 1.3244326139705704, 1.3462977410025807, 1.3674028187150737, 1.3857580402654959, 1.4086646836747498, 1.4292417743377839, 1.4491393689750802, 1.468002648961458, 1.4820872702579782, 0.3214276740076841, 0.41042610999845275], "time": [0.0, 0.5, 1.0, 1.5, 2.0, 2.5, 3.0, 3.5, 4.0, 4.5, 5.0, 5.5, 6.0, 6.5, 7.0, 7.5, 8.0, 8.5, 9.0, 9.5, 10.0, 10.5, 11.0, 11.5, 12.0, 12.5, 13.0, 13.5, 14.0, 14.5, 15.0, 15.5, 16.0, 16.5, 17.0]}, "$l_b = 1.0$": {"diameter": [0.4063011197782906, 0.4833047009071338, 0.555719579982129, 0.6224420142209736, 0.6818510638555574, 0.7311270098589252, 0.7743904355657584, 0.8187975178507071, 0.8583042669516489, 0.8985738941290033, 0.9383122435041698, 0.9689301960355874, 1.0019778275690705, 1.03233929367003, 1.0628900517584836, 1.0900142754142652, 1.1214976379249237, 1.1457677855986124, 1.173368937456401, 1.1993996471996589, 1.2257937667383862, 1.2516314167704072, 1.274745881313774, 1.3017691397443436, 1.3240085919926885, 1.3458806076878422, 1.3657593051178905, 1.387377863191673, 1.4078672510132375, 1.4312047498190112, 1.4503013143994814, 1.4702958073219812, 1.4911521087212058, 1.525401704785231, 0.3334317479892773], "time": [0.0, 0.5, 1.0, 1.5, 2.0, 2.5, 3.0, 3.5, 4.0, 4.5, 5.0, 5.5, 6.0, 6.5, 7.0, 7.5, 8.0, 8.5, 9.0, 9.5, 10.0, 10.5, 11.0, 11.5, 12.0, 12.5, 13.0, 13.5, 14.0, 14.5, 15.0, 15.5, 16.0, 16.5, 17.0]}, "Reference": {"diameter": [0.15266987612182326, 0.4179169107720522, 0.5666726101021422, 0.763722967981864, 0.9367278840520645, 1.0816543128114997, 1.1823361097667626, 1.2991925418375403, 1.4240216680676192, 1.5407931939173185, 1.6656138295252894, 1.7061480594683172, 1.7144858503782572, 1.7107160141623576], "time": [0.17758985200845667, 0.7357293868921777, 1.217758985200846, 2.0042283298097257, 2.9429175475687117, 3.983086680761101, 4.820295983086682, 5.987315010570826, 6.9767441860465125, 7.890063424947148, 8.854122621564482, 9.970401691331926, 10.88372093023256, 11.619450317124738]}}