{"$l_b = 0.5$": {"diameter": [0.3214276740076841, 0.41042610999845275, 0.49478622323534655, 0.5687031002161383, 0.6358293955490804, 0.6949020288761992, 0.7523234865016727, 0.7951399045268455, 0.8404554052114153, 0.886621731585398, 0.9250534720673109, 0.9619510161375604, 0.9935364149155216, 1.0257916210974134, 1.0581248917878476, 1.0864023838604602, 1.1134581246799902, 1.1388862351513245, 1.1676123911838578, 1.1942388972226812, 1.2184426133878357, 1.2448840284419471, 1.2703334558854484, 1.2961496551597715, 1.31890969528963, 1.3412835792952864, 1.3657593051178905, 1.387377863191673, 1.4090632307710464, 1.432381243852302, 1.4518491284092463, 1.4729666465938023, 1.489268150787969, 1.5065116991780754, 0.3214276740076841], "time": [0.0, 0.5, 1.0, 1.5, 2.0, 2.5, 3.0, 3.5, 4.0, 4.5, 5.0, 5.5, 6.0, 6.5, 7.0, 7.5, 8.0, 8.5, 9.0, 9.5, 10.0, 10.5, 11.0, 11.5, 12.0, 12.5, 13.0, 13.5, 14.0, 14.5, 15.0, 15.5, 16.0, 16.5, 17.0]}, "$l_b = 1.0$": {"diameter": [0.3053011203908075, 0.38791962481055203, 0.46555179598202373, 0.5309164876819704, 0.5966490905638616, 0.6480748275798858, 0.7045316153855232, 0.7538147139045147, 0.7993656556555951, 0.8391181642606549, 0.8738639192404967, 0.9109857236967491, 0.9407028518207299, 0.9729782658100625, 1.0030979820022303, 1.0339697331597795, 1.0655281547286464, 1.0966905147883879, 1.1244976369659128, 1.1496816066821278, 1.1786210728858464, 1.2031390160452438, 1.231734274587914, 1.2570032501104258, 1.2826499962728124, 1.3095101542954692, 1.3333059258086657, 1.3583388857365042, 1.3792597252530667, 1.4014714552998457, 1.4237310446899114, 1.4437045919491645, 1.4641727372729265, 1.482466078512153, 1.4934097210793953], "time": [0.0, 0.5, 1.0, 1.5, 2.0, 2.5, 3.0, 3.5, 4.0, 4.5, 5.0, 5.5, 6.0, 6.5, 7.0, 7.5, 8.0, 8.5, 9.0, 9.5, 10.0, 10.5, 11.0, 11.5, 12.0, 12.5, 13.0, 13.5, 14.0, 14.5, 15.0, 15.5, 16.0, 16.5, 17.0]}, "Reference": {"diameter": [0.15266987612182326, 0.4179169107720522, 0.5666726101021422, 0.763722967981864, 0.9367278840520645, 1.0816543128114997, 1.1823361097667626, 1.2991925418375403, 1.4240216680676192, 1.5407931939173185, 1.6656138295252894, 1.7061480594683172, 1.7144858503782572, 1.7107160141623576], "time": [0.17758985200845667, 0.7357293868921777, 1.217758985200846, 2.0042283298097257, 2.9429175475687117, 3.983086680761101, 4.820295983086682, 5.987315010570826, 6.9767441860465125, 7.890063424947148, 8.854122621564482, 9.970401691331926, 10.88372093023256, 11.619450317124738]}}